vendor,suite,doc,kind,verdict,reason,kb,why
azure-cu_full,micro1,hard__Municipal_continuing_disclosure_annual_financial_information_filing_-_efis,empty,KEEP,hit the harness's own 1800s cap while the vendor still worked,12840.5,timeout at the uniform 1800s limit; the vendor was still processing after 569 polls over 1805s
azure-cu_full,micro1,06_19_Government_zoning_and_land_use_geospatial_datasets,empty,KEEP,400 invalid request -- likely a real rejection,8870.4,"HTTP 400: {""error"":{""code"":""InvalidRequest"",""message"":""Invalid request."",""innererror"":{""code"":""InputPageCountExceeded"",""message"":""The input file has 712 pages, which exceeds the maximum allowed page c"
azure-cu_full,micro1,06_20_Football_match_results_and_score_tables,empty,KEEP,400 invalid request -- likely a real rejection,4504.7,"HTTP 400: {""error"":{""code"":""InvalidRequest"",""message"":""Invalid request."",""innererror"":{""code"":""InputPageCountExceeded"",""message"":""The input file has 468 pages, which exceeds the maximum allowed page c"
azure-cu_full,micro1,m1__Healthcare_facility_quality_measure_public_reporting,empty,KEEP,hit the harness's own 1800s cap while the vendor still worked,3402.1,timeout at the uniform 1800s limit; the vendor was still processing after 574 polls over 1807s
azure-cu_full,micro1,06_10_26_Mortality_statistics_and_preventable_mortality_report_d87435b,empty,KEEP,400 invalid request -- likely a real rejection,3218.9,"HTTP 400: {""error"":{""code"":""InvalidRequest"",""message"":""Invalid request."",""innererror"":{""code"":""InputPageCountExceeded"",""message"":""The input file has 406 pages, which exceeds the maximum allowed page c"
azure-cu_full,micro1,Wastewater_discharge_monitoring_report___permit_compliance_summary,empty,KEEP,hit the harness's own 1800s cap while the vendor still worked,3103.8,timeout at the uniform 1800s limit; the vendor was still processing after 570 polls over 1803s
azure-cu_full,micro1,60a608a5__Medical_Examiner-Coroner_Santa Clara_Full_dataset_2018-2019-20260617T2,empty,KEEP,400 invalid request -- likely a real rejection,2890.6,"HTTP 400: {""error"":{""code"":""InvalidRequest"",""message"":""Invalid request."",""innererror"":{""code"":""InputPageCountExceeded"",""message"":""The input file has 358 pages, which exceeds the maximum allowed page c"
azure-cu_full,micro1,06_10_26_Federal_Reserve_Z_1_Financial_Accounts_of_the_United_States_e,empty,KEEP,hit the harness's own 1800s cap while the vendor still worked,2455.5,timeout at the uniform 1800s limit; the vendor was still processing after 563 polls over 1806s
azure-cu_full,extractbench,long__real_oklahoma_unclaimed_2024,empty,KEEP,hit the harness's own 1800s cap while the vendor still worked,2435.1,timeout at the uniform 1800s limit; the vendor was still processing after 572 polls over 1808s
azure-cu_full,micro1,std__Regulatory_inspection_enforcement_activity_statistical_reports_-_catalog.da,empty,KEEP,400 invalid request -- likely a real rejection,2292.0,"HTTP 400: {""error"":{""code"":""InvalidRequest"",""message"":""Invalid request."",""innererror"":{""code"":""InputPageCountExceeded"",""message"":""The input file has 878 pages, which exceeds the maximum allowed page c"
azure-cu_full,extractbench,long__real_ofac_ssi_full,empty,KEEP,hit the harness's own 1800s cap while the vendor still worked,2286.6,timeout at the uniform 1800s limit; the vendor was still processing after 581 polls over 1804s
azure-cu_full,extractbench,long__real_imedia_full,empty,KEEP,hit the harness's own 1800s cap while the vendor still worked,2246.2,timeout at the uniform 1800s limit; the vendor was still processing after 571 polls over 1808s
azure-cu_full,micro1,Contracts_Awarded,empty,KEEP,400 invalid request -- likely a real rejection,2204.1,"HTTP 400: {""error"":{""code"":""InvalidRequest"",""message"":""Invalid request."",""innererror"":{""code"":""InputPageCountExceeded"",""message"":""The input file has 395 pages, which exceeds the maximum allowed page c"
azure-cu_full,micro1,American_Community_Survey__ACS__5-year_estimates,empty,KEEP,hit the harness's own 1800s cap while the vendor still worked,2148.9,timeout at the uniform 1800s limit; the vendor was still processing after 561 polls over 1803s
azure-cu_full,extractbench,long__real_ftx_full_corrupted,empty,KEEP,hit the harness's own 1800s cap while the vendor still worked,1883.3,timeout at the uniform 1800s limit; the vendor was still processing after 578 polls over 1808s
azure-cu_full,micro1,m1__Infectious_disease_surveillance_report,empty,KEEP,hit the harness's own 1800s cap while the vendor still worked,1801.2,timeout at the uniform 1800s limit; the vendor was still processing after 574 polls over 1806s
azure-cu_full,micro1,Healthcare_Reimbursement_Regulations,empty,KEEP,hit the harness's own 1800s cap while the vendor still worked,1685.1,timeout at the uniform 1800s limit; the vendor was still processing after 574 polls over 1808s
azure-cu_full,extractbench,long__real_ishares_iboxx_bond_etfs,empty,KEEP,hit the harness's own 1800s cap while the vendor still worked,1632.4,timeout at the uniform 1800s limit; the vendor was still processing after 572 polls over 1811s
azure-cu_full,micro1,m1__Local_government_budget_line-item_schedules,empty,KEEP,400 invalid request -- likely a real rejection,1628.7,"HTTP 400: {""error"":{""code"":""InvalidRequest"",""message"":""Invalid request."",""innererror"":{""code"":""InputPageCountExceeded"",""message"":""The input file has 436 pages, which exceeds the maximum allowed page c"
azure-cu_full,micro1,64ce2c27__enrolment_by_school_2223_final_en_supp - Enrolment by School 2022-2023,empty,KEEP,hit the harness's own 1800s cap while the vendor still worked,1255.1,timeout at the uniform 1800s limit; the vendor was still processing after 557 polls over 1821s
azure-cu_full,extractbench,long__sec_13f_0010_renaissance_technologies,empty,KEEP,hit the harness's own 1800s cap while the vendor still worked,1104.1,timeout at the uniform 1800s limit; the vendor was still processing after 931 polls over 1802s
azure-cu_full,longarray,cae_v2_12_n1283,empty,KEEP,hit the harness's own 1800s cap while the vendor still worked,1085.2,timeout at the uniform 1800s limit; the vendor was still processing after 559 polls over 1802s
azure-cu_full,extractbench,long__real_freer_register_full,empty,KEEP,hit the harness's own 1800s cap while the vendor still worked,1075.9,timeout at the uniform 1800s limit; the vendor was still processing after 539 polls over 1860s
azure-cu_full,micro1,Energy_consumption___efficiency_report,empty,KEEP,hit the harness's own 1800s cap while the vendor still worked,1036.6,timeout at the uniform 1800s limit; the vendor was still processing after 571 polls over 1802s
azure-cu_full,micro1,c9b6b95b__TABLE3 Maritimes,empty,KEEP,hit the harness's own 1800s cap while the vendor still worked,898.5,timeout at the uniform 1800s limit; the vendor was still processing after 936 polls over 1812s
azure-cu_full,longarray,cae_v2_11_n967,empty,KEEP,hit the harness's own 1800s cap while the vendor still worked,834.1,timeout at the uniform 1800s limit; the vendor was still processing after 549 polls over 1803s
azure-cu_full,micro1,std__Board_examination_score_report_-_GCSE-Full-Course-results-summer-2024-2-202,empty,KEEP,hit the harness's own 1800s cap while the vendor still worked,767.1,timeout at the uniform 1800s limit; the vendor was still processing after 566 polls over 1804s
azure-cu_full,micro1,m1__Mortality_statistics_and_preventable_mortality_reports,empty,KEEP,hit the harness's own 1800s cap while the vendor still worked,761.7,timeout at the uniform 1800s limit; the vendor was still processing after 563 polls over 1803s
azure-cu_full,micro1,Government_RFP-2,empty,KEEP,hit the harness's own 1800s cap while the vendor still worked,715.5,timeout at the uniform 1800s limit; the vendor was still processing after 569 polls over 1807s
azure-cu_full,micro1,06_10_26_CMS_E_M_Utilization_Report_27e43c5f_cy_2017_evaluation_and_ma,empty,KEEP,hit the harness's own 1800s cap while the vendor still worked,668.2,timeout at the uniform 1800s limit; the vendor was still processing after 568 polls over 1802s
azure-cu_full,longarray,lp_08_n1139,empty,KEEP,hit the harness's own 1800s cap while the vendor still worked,636.4,timeout at the uniform 1800s limit; the vendor was still processing after 557 polls over 1802s
azure-cu_full,longarray,cae_v2_10_n742,empty,KEEP,hit the harness's own 1800s cap while the vendor still worked,623.1,timeout at the uniform 1800s limit; the vendor was still processing after 530 polls over 1804s
azure-cu_full,longarray,wf_08_n2200_combined,empty,KEEP,hit the harness's own 1800s cap while the vendor still worked,603.4,timeout at the uniform 1800s limit; the vendor was still processing after 554 polls over 1803s
azure-cu_full,micro1,06_19_Bankruptcy_Filings_Statistics,empty,KEEP,hit the harness's own 1800s cap while the vendor still worked,539.7,timeout at the uniform 1800s limit; the vendor was still processing after 554 polls over 1807s
azure-cu_full,longarray,cae_v2_09_n581,empty,KEEP,hit the harness's own 1800s cap while the vendor still worked,499.1,timeout at the uniform 1800s limit; the vendor was still processing after 562 polls over 1801s
azure-cu_full,micro1,m1__Power_Purchase_Agreement,empty,KEEP,hit the harness's own 1800s cap while the vendor still worked,465.6,timeout at the uniform 1800s limit; the vendor was still processing after 573 polls over 1807s
azure-cu_full,extractbench,medium__sec_13f_0031_loomis_sayles,empty,KEEP,hit the harness's own 1800s cap while the vendor still worked,423.4,timeout at the uniform 1800s limit; the vendor was still processing after 687 polls over 1801s
azure-cu_full,longarray,lp_07_n705,empty,KEEP,hit the harness's own 1800s cap while the vendor still worked,394.2,timeout at the uniform 1800s limit; the vendor was still processing after 553 polls over 1801s
azure-cu_full,extractbench,long__real_sm0801_ae_full,empty,KEEP,hit the harness's own 1800s cap while the vendor still worked,364.3,timeout at the uniform 1800s limit; the vendor was still processing after 898 polls over 1803s
azure-cu_full,longarray,cn_08_n1300,empty,KEEP,hit the harness's own 1800s cap while the vendor still worked,353.0,timeout at the uniform 1800s limit; the vendor was still processing after 783 polls over 1801s
azure-cu_full,longarray,wf_07_n1100_combined,empty,KEEP,hit the harness's own 1800s cap while the vendor still worked,301.9,timeout at the uniform 1800s limit; the vendor was still processing after 551 polls over 1804s
azure-cu_full,longarray,cae_v2_07_n349,empty,KEEP,hit the harness's own 1800s cap while the vendor still worked,297.2,timeout at the uniform 1800s limit; the vendor was still processing after 566 polls over 1801s
azure-cu_full,longarray,lp_06_n481,empty,KEEP,hit the harness's own 1800s cap while the vendor still worked,269.4,timeout at the uniform 1800s limit; the vendor was still processing after 547 polls over 1801s
azure-cu_full,contextual,research__[zhao25] a survey of LLMs,empty,KEEP,hit the harness's own 1800s cap while the vendor still worked,268.3,timeout at the uniform 1800s limit; the vendor was still processing after 546 polls over 1803s
azure-cu_full,micro1,m1__Calibration__Postsecondary_Graduation_-_college___UNI_stats,empty,KEEP,hit the harness's own 1800s cap while the vendor still worked,162.8,timeout at the uniform 1800s limit; the vendor was still processing after 540 polls over 1804s
azure-cu_full,micro1,std__Annual_report_10-K_-_Exxon,empty,KEEP,hit the harness's own 1800s cap while the vendor still worked,160.0,timeout at the uniform 1800s limit; the vendor was still processing after 559 polls over 1801s
azure-cu_full,longarray,lp_04_n207,empty,KEEP,hit the harness's own 1800s cap while the vendor still worked,117.9,timeout at the uniform 1800s limit; the vendor was still processing after 553 polls over 1802s
azure-cu_full,micro1,Proxy_statement_DEF_14A,empty,KEEP,hit the harness's own 1800s cap while the vendor still worked,99.7,timeout at the uniform 1800s limit; the vendor was still processing after 579 polls over 1806s
azure-cu_full,micro1,std__Municipal_continuing_disclosure_annual_financial_information_filing_-_2021,empty,KEEP,hit the harness's own 1800s cap while the vendor still worked,82.3,timeout at the uniform 1800s limit; the vendor was still processing after 571 polls over 1806s
gemini_full,extractbench,medium__arif-2023,empty,KEEP,response was not an object,18.6,no dict
mistral_full,micro1,hard__Municipal_continuing_disclosure_annual_financial_information_filing_-_efis,empty,KEEP,prompt exceeds the model's context window,12840.5,"HTTP 400: {""object"":""error"",""message"":""Prompt 1697431 > 262144 maximum context length"",""type"":""document_parser_internal_server_error"",""param"":null,""code"":""3700"",""raw_status_code"":400}"
mistral_full,micro1,06_19_Government_zoning_and_land_use_geospatial_datasets,empty,KEEP,prompt exceeds the model's context window,8870.4,"HTTP 400: {""object"":""error"",""message"":""Prompt 1862189 > 262144 maximum context length"",""type"":""document_parser_internal_server_error"",""param"":null,""code"":""3700"",""raw_status_code"":400}"
mistral_full,micro1,06_20_Football_match_results_and_score_tables,empty,KEEP,prompt exceeds the model's context window,4504.7,"HTTP 400: {""object"":""error"",""message"":""Prompt 747251 > 262144 maximum context length"",""type"":""document_parser_internal_server_error"",""param"":null,""code"":""3700"",""raw_status_code"":400}"
mistral_full,micro1,m1__Healthcare_facility_quality_measure_public_reporting,empty,KEEP,prompt exceeds the model's context window,3402.1,"HTTP 400: {""object"":""error"",""message"":""Prompt 803368 > 262144 maximum context length"",""type"":""document_parser_internal_server_error"",""param"":null,""code"":""3700"",""raw_status_code"":400}"
mistral_full,micro1,06_10_26_Mortality_statistics_and_preventable_mortality_report_d87435b,empty,KEEP,prompt exceeds the model's context window,3218.9,"HTTP 400: {""object"":""error"",""message"":""Prompt 607945 > 262144 maximum context length"",""type"":""document_parser_internal_server_error"",""param"":null,""code"":""3700"",""raw_status_code"":400}"
mistral_full,micro1,Wastewater_discharge_monitoring_report___permit_compliance_summary,empty,KEEP,prompt exceeds the model's context window,3103.8,"HTTP 400: {""object"":""error"",""message"":""Prompt 363901 > 262144 maximum context length"",""type"":""document_parser_internal_server_error"",""param"":null,""code"":""3700"",""raw_status_code"":400}"
mistral_full,micro1,60a608a5__Medical_Examiner-Coroner_Santa Clara_Full_dataset_2018-2019-20260617T2,empty,KEEP,prompt exceeds the model's context window,2890.6,"HTTP 400: {""object"":""error"",""message"":""Prompt 871540 > 262144 maximum context length"",""type"":""document_parser_internal_server_error"",""param"":null,""code"":""3700"",""raw_status_code"":400}"
mistral_full,micro1,m1__Manufacturing_Industry_Datasets,empty,KEEP,prompt exceeds the model's context window,2538.4,"HTTP 400: {""object"":""error"",""message"":""Prompt 377227 > 262144 maximum context length"",""type"":""document_parser_internal_server_error"",""param"":null,""code"":""3700"",""raw_status_code"":400}"
mistral_full,micro1,06_10_26_Federal_Reserve_Z_1_Financial_Accounts_of_the_United_States_e,empty,KEEP,prompt exceeds the model's context window,2455.5,"HTTP 400: {""object"":""error"",""message"":""Prompt 669336 > 262144 maximum context length"",""type"":""document_parser_internal_server_error"",""param"":null,""code"":""3700"",""raw_status_code"":400}"
mistral_full,extractbench,long__real_ofac_ssi_full,empty,KEEP,prompt exceeds the model's context window,2286.6,"HTTP 400: {""object"":""error"",""message"":""Prompt 464833 > 262144 maximum context length"",""type"":""document_parser_internal_server_error"",""param"":null,""code"":""3700"",""raw_status_code"":400}"
mistral_full,extractbench,long__real_imedia_full,empty,KEEP,prompt exceeds the model's context window,2246.2,"HTTP 400: {""object"":""error"",""message"":""Prompt 344158 > 262144 maximum context length"",""type"":""document_parser_internal_server_error"",""param"":null,""code"":""3700"",""raw_status_code"":400}"
mistral_full,extractbench,long__real_imedia_full_corrupted,empty,KEEP,prompt exceeds the model's context window,2246.2,"HTTP 400: {""object"":""error"",""message"":""Prompt 308391 > 262144 maximum context length"",""type"":""document_parser_internal_server_error"",""param"":null,""code"":""3700"",""raw_status_code"":400}"
mistral_full,micro1,Contracts_Awarded,empty,KEEP,prompt exceeds the model's context window,2204.1,"HTTP 400: {""object"":""error"",""message"":""Prompt 521905 > 262144 maximum context length"",""type"":""document_parser_internal_server_error"",""param"":null,""code"":""3700"",""raw_status_code"":400}"
mistral_full,extractbench,long__real_ftx_full,empty,KEEP,prompt exceeds the model's context window,1883.3,"HTTP 400: {""object"":""error"",""message"":""Prompt 296584 > 262144 maximum context length"",""type"":""document_parser_internal_server_error"",""param"":null,""code"":""3700"",""raw_status_code"":400}"
mistral_full,extractbench,long__real_ftx_full_corrupted,empty,KEEP,prompt exceeds the model's context window,1883.3,"HTTP 400: {""object"":""error"",""message"":""Prompt 288834 > 262144 maximum context length"",""type"":""document_parser_internal_server_error"",""param"":null,""code"":""3700"",""raw_status_code"":400}"
mistral_full,micro1,m1__Infectious_disease_surveillance_report,empty,KEEP,prompt exceeds the model's context window,1801.2,"HTTP 400: {""object"":""error"",""message"":""Prompt 349955 > 262144 maximum context length"",""type"":""document_parser_internal_server_error"",""param"":null,""code"":""3700"",""raw_status_code"":400}"
mistral_full,micro1,Healthcare_Reimbursement_Regulations,empty,KEEP,prompt exceeds the model's context window,1685.1,"HTTP 400: {""object"":""error"",""message"":""Prompt 344511 > 262144 maximum context length"",""type"":""document_parser_internal_server_error"",""param"":null,""code"":""3700"",""raw_status_code"":400}"
mistral_full,micro1,m1__Local_government_budget_line-item_schedules,empty,KEEP,prompt exceeds the model's context window,1628.7,"HTTP 400: {""object"":""error"",""message"":""Prompt 468726 > 262144 maximum context length"",""type"":""document_parser_internal_server_error"",""param"":null,""code"":""3700"",""raw_status_code"":400}"
mistral_full,longarray,cae_v2_12_n1283,empty,KEEP,prompt exceeds the model's context window,1085.2,"HTTP 400: {""object"":""error"",""message"":""Prompt 346941 > 262144 maximum context length"",""type"":""document_parser_internal_server_error"",""param"":null,""code"":""3700"",""raw_status_code"":400}"
mistral_full,extractbench,long__real_freer_register_full,empty,KEEP,prompt exceeds the model's context window,1075.9,"HTTP 400: {""object"":""error"",""message"":""Prompt 280464 > 262144 maximum context length"",""type"":""document_parser_internal_server_error"",""param"":null,""code"":""3700"",""raw_status_code"":400}"
mistral_full,micro1,m1__Power_Purchase_Agreement,empty,KEEP,prompt exceeds the model's context window,465.6,"HTTP 400: {""object"":""error"",""message"":""Prompt 523051 > 262144 maximum context length"",""type"":""document_parser_internal_server_error"",""param"":null,""code"":""3700"",""raw_status_code"":400}"
mistral_full,micro1,std__Municipal_continuing_disclosure_annual_financial_information_filing_-_2021,empty,KEEP,prompt exceeds the model's context window,82.3,"HTTP 400: {""object"":""error"",""message"":""Prompt 712845 > 262144 maximum context length"",""type"":""document_parser_internal_server_error"",""param"":null,""code"":""3700"",""raw_status_code"":400}"
azure-cu_full,extractbench,long__real_imedia_full_corrupted,empty,RETRY,404 -- resource vanished between submit and poll,2246.2,"HTTP 404: {""error"":{""code"":""NotFound"",""message"":""Resource not found."",""innererror"":{""code"":""OperationNotFound"",""message"":""The requested operation 'c89ce524-4bd7-4871-bcd4-a26fc1f6123a' was not found. "
azure-cu_full,extractbench,long__real_ftx_full,empty,RETRY,404 -- resource vanished between submit and poll,1883.3,"HTTP 404: {""error"":{""code"":""NotFound"",""message"":""Resource not found."",""innererror"":{""code"":""ModelNotFound"",""message"":""Analyzer 'bench9ed4f6905082' with status 'Running' is not ready for analysis.""}}}"
azure-cu_full,longarray,cn_05_n900,absent,RETRY,no file in R2 at all,245.8,
azure-cu_full,extractbench,short__passcoag-2020-w2-p0004-r1,empty,RETRY,404 -- resource vanished between submit and poll,1.3,"HTTP 404: {""error"":{""code"":""NotFound"",""message"":""Resource not found."",""innererror"":{""code"":""ModelNotFound"",""message"":""Analyzer 'bench4c71ed8ae6ff' with status 'Running' is not ready for analysis.""}}}"
claude_full,micro1,hard__Municipal_continuing_disclosure_annual_financial_information_filing_-_efis,empty,RETRY,200 with an empty body,12840.5,no usable output; last response 200:                                                                                                                                                                    
claude_full,micro1,06_19_Government_zoning_and_land_use_geospatial_datasets,empty,RETRY,"gateway error envelope, not the vendor's own",8870.4,"HTTP 400: {""error"":{""message"":""Provider returned error"",""code"":400,""metadata"":{""raw"":""{\""type\"":\""error\"",\""error\"":{\""type\"":\""invalid_request_error\"",\""message\"":\""messages.0.content.0.pdf.source.ba"
claude_full,micro1,06_20_Football_match_results_and_score_tables,empty,RETRY,200 with an empty body,4504.7,no usable output; last response 200:                                                                                                                                                                    
claude_full,micro1,m1__Healthcare_facility_quality_measure_public_reporting,empty,RETRY,200 with an empty body,3402.1,no usable output; last response 200:                                                                                                                                                                    
claude_full,micro1,06_10_26_Mortality_statistics_and_preventable_mortality_report_d87435b,empty,RETRY,200 with an empty body,3218.9,no usable output; last response 200:                                                                                                                                                                    
claude_full,micro1,60a608a5__Medical_Examiner-Coroner_Santa Clara_Full_dataset_2018-2019-20260617T2,empty,RETRY,200 with an empty body,2890.6,no usable output; last response 200:                                                                                                                                                                    
claude_full,micro1,std__Regulatory_inspection_enforcement_activity_statistical_reports_-_catalog.da,empty,RETRY,200 with an empty body,2292.0,no usable output; last response 200:                                                                                                                                                                    
claude_full,extractbench,long__real_imedia_full_corrupted,empty,RETRY,200 with an empty body,2246.2,no usable output; last response 200:                                                                                                                                                                    
claude_full,micro1,Contracts_Awarded,empty,RETRY,200 with an empty body,2204.1,no usable output; last response 200:                                                                                                                                                                    
claude_full,extractbench,long__real_ftx_full_corrupted,empty,RETRY,5xx backend error,1883.3,"HTTP 502: {""type"":""https://developers.cloudflare.com/support/troubleshooting/http-status-codes/cloudflare-5xx-errors/error-502/"",""title"":""Error 502: Bad gateway"",""status"":502,""detail"":""The origin web "
claude_full,micro1,m1__Local_government_budget_line-item_schedules,empty,RETRY,200 with an empty body,1628.7,no usable output; last response 200:                                                                                                                                                                    
claude_full,micro1,64ce2c27__enrolment_by_school_2223_final_en_supp - Enrolment by School 2022-2023,empty,RETRY,200 with only keep-alive padding -- streaming/client,1255.1,empty 200: response body was keep-alive padding with no completion
claude_full,longarray,cae_v2_12_n1283,empty,RETRY,200 with only keep-alive padding -- streaming/client,1085.2,empty 200: response body was keep-alive padding with no completion
claude_full,extractbench,long__real_freer_register_full,empty,RETRY,200 with an empty body,1075.9,no usable output; last response 200:                                                                                                                                                                    
claude_full,micro1,Energy_consumption___efficiency_report,empty,RETRY,200 with only keep-alive padding -- streaming/client,1036.6,empty 200: response body was keep-alive padding with no completion
claude_full,longarray,cae_v2_11_n967,empty,RETRY,200 with only keep-alive padding -- streaming/client,834.1,empty 200: response body was keep-alive padding with no completion
claude_full,micro1,std__Board_examination_score_report_-_GCSE-Full-Course-results-summer-2024-2-202,empty,RETRY,200 with only keep-alive padding -- streaming/client,767.1,empty 200: response body was keep-alive padding with no completion
claude_full,micro1,Government_RFP-2,empty,RETRY,200 with only keep-alive padding -- streaming/client,715.5,empty 200: response body was keep-alive padding with no completion
claude_full,micro1,06_10_26_CMS_E_M_Utilization_Report_27e43c5f_cy_2017_evaluation_and_ma,empty,RETRY,200 with an empty body,668.2,no usable output; last response 200:                                                                                                                                                                    
claude_full,extractbench,long__sec_13f_0026_brown_brothers_harriman,empty,RETRY,200 with an empty body,644.7,no usable output; last response 200:                                                                                                                                                                    
claude_full,longarray,cae_v2_10_n742,empty,RETRY,200 with only keep-alive padding -- streaming/client,623.1,empty 200: response body was keep-alive padding with no completion
claude_full,longarray,wf_08_n2200_combined,empty,RETRY,200 with an empty body,603.4,no usable output; last response 200:                                                                                                                                                                    
claude_full,micro1,06_19_Bankruptcy_Filings_Statistics,empty,RETRY,200 with only keep-alive padding -- streaming/client,539.7,empty 200: response body was keep-alive padding with no completion
claude_full,micro1,ed4f34de__table4_ac,empty,RETRY,200 with an empty body,525.6,no usable output; last response 200:                                                                                                                                                                    
claude_full,longarray,cae_v2_09_n581,empty,RETRY,200 with an empty body,499.1,no usable output; last response 200:                                                                                                                                                                    
claude_full,longarray,sa_08_n1700,empty,RETRY,200 with an empty body,477.8,no usable output; last response 200:                                                                                                                                                                    
claude_full,extractbench,medium__13f__leonteq_securities_2025q4,empty,RETRY,200 with an empty body,476.8,no usable output; last response 200:                                                                                                                                                                    
claude_full,micro1,Fisheries_catch_and_aquaculture_production_statistical_reports,empty,RETRY,200 with only keep-alive padding -- streaming/client,459.7,empty 200: response body was keep-alive padding with no completion
claude_full,extractbench,medium__sec_13f_0031_loomis_sayles,empty,RETRY,200 with only keep-alive padding -- streaming/client,423.4,empty 200: response body was keep-alive padding with no completion
claude_full,longarray,cn_09_n1500,empty,RETRY,200 with an empty body,406.2,no usable output; last response 200:                                                                                                                                                                    
claude_full,longarray,lp_07_n705,empty,RETRY,200 with an empty body,394.2,no usable output; last response 200:                                                                                                                                                                    
claude_full,longarray,cae_v2_08_n446,empty,RETRY,200 with only keep-alive padding -- streaming/client,384.2,empty 200: response body was keep-alive padding with no completion
claude_full,extractbench,long__real_sm0801_ae_full,empty,RETRY,200 with only keep-alive padding -- streaming/client,364.3,empty 200: response body was keep-alive padding with no completion
claude_full,longarray,cn_08_n1300,empty,RETRY,200 with only keep-alive padding -- streaming/client,353.0,empty 200: response body was keep-alive padding with no completion
claude_full,longarray,wf_07_n1100_combined,empty,RETRY,200 with an empty body,301.9,no usable output; last response 200:                                                                                                                                                                    
claude_full,longarray,cae_v2_07_n349,empty,RETRY,200 with an empty body,297.2,no usable output; last response 200:                                                                                                                                                                    
claude_full,longarray,sa_07_n990,empty,RETRY,200 with only keep-alive padding -- streaming/client,277.3,empty 200: response body was keep-alive padding with no completion
claude_full,longarray,lp_06_n481,empty,RETRY,200 with only keep-alive padding -- streaming/client,269.4,empty 200: response body was keep-alive padding with no completion
claude_full,longarray,cn_07_yb_n970,empty,RETRY,200 with only keep-alive padding -- streaming/client,263.3,empty 200: response body was keep-alive padding with no completion
claude_full,longarray,cn_06_n950,empty,RETRY,200 with only keep-alive padding -- streaming/client,256.5,empty 200: response body was keep-alive padding with no completion
claude_full,longarray,wf_06_yb_n920_combined,empty,RETRY,200 with an empty body,253.9,no usable output; last response 200:                                                                                                                                                                    
claude_full,longarray,sa_06_n880,empty,RETRY,200 with only keep-alive padding -- streaming/client,245.2,empty 200: response body was keep-alive padding with no completion
claude_full,longarray,wf_05_n850_combined,empty,RETRY,200 with an empty body,235.1,no usable output; last response 200:                                                                                                                                                                    
claude_full,micro1,Capital_improvement_plan___CIP_project_budget_report,empty,RETRY,200 with an empty body,179.9,no usable output; last response 200:                                                                                                                                                                    
claude_full,micro1,std__Municipal_continuing_disclosure_annual_financial_information_filing_-_2021,empty,RETRY,200 with an empty body,82.3,no usable output; last response 200:                                                                                                                                                                    
claude_full,contextual,swimming__ma_2023_sw_M-table4,absent,RETRY,no file in R2 at all,3.7,
claude_full,extractbench,short__passcoag-2020-w2-p0002-r4,absent,RETRY,no file in R2 at all,1.2,
gemini_full,micro1,hard__Municipal_continuing_disclosure_annual_financial_information_filing_-_efis,empty,RETRY,200 with an empty body,12840.5,no usable output; last response 200:                                                                                                                                                                    
gemini_full,micro1,06_19_Government_zoning_and_land_use_geospatial_datasets,empty,RETRY,200 with an empty body,8870.4,no usable output; last response 200:                                                                                                                                                                    
gemini_full,micro1,m1__Healthcare_facility_quality_measure_public_reporting,empty,RETRY,200 with an empty body,3402.1,no usable output; last response 200:                                                                                                                                                                    
gemini_full,micro1,Wastewater_discharge_monitoring_report___permit_compliance_summary,empty,RETRY,200 with an empty body,3103.8,no usable output; last response 200:                                                                                                                                                                    
gemini_full,micro1,Contracts_Awarded,empty,RETRY,200 with an empty body,2204.1,no usable output; last response 200:                                                                                                                                                                    
gemini_full,micro1,American_Community_Survey__ACS__5-year_estimates,empty,RETRY,200 with an empty body,2148.9,no usable output; last response 200:                                                                                                                                                                    
gemini_full,extractbench,long__real_ftx_full_corrupted,empty,RETRY,200 with an empty body,1883.3,no usable output; last response 200:                                                                                                                                                                    
gemini_full,micro1,m1__Local_government_budget_line-item_schedules,empty,RETRY,200 with an empty body,1628.7,no usable output; last response 200:                                                                                                                                                                    
gemini_full,longarray,cae_v2_12_n1283,empty,RETRY,200 with an empty body,1085.2,no usable output; last response 200:                                                                                                                                                                    
gemini_full,micro1,Energy_consumption___efficiency_report,empty,RETRY,200 with an empty body,1036.6,no usable output; last response 200:                                                                                                                                                                    
gemini_full,longarray,cae_v2_11_n967,empty,RETRY,200 with an empty body,834.1,no usable output; last response 200:                                                                                                                                                                    
gemini_full,micro1,Government_RFP-2,empty,RETRY,200 with an empty body,715.5,no usable output; last response 200:                                                                                                                                                                    
gemini_full,longarray,cae_v2_10_n742,empty,RETRY,200 with an empty body,623.1,no usable output; last response 200:                                                                                                                                                                    
gemini_full,micro1,06_19_Bankruptcy_Filings_Statistics,empty,RETRY,200 with an empty body,539.7,no usable output; last response 200:                                                                                                                                                                    
gemini_full,longarray,sa_08_n1700,empty,RETRY,200 with an empty body,477.8,no usable output; last response 200:                                                                                                                                                                    
gemini_full,micro1,Fisheries_catch_and_aquaculture_production_statistical_reports,empty,RETRY,200 with an empty body,459.7,no usable output; last response 200:                                                                                                                                                                    
gemini_full,longarray,cn_09_n1500,empty,RETRY,200 with an empty body,406.2,no usable output; last response 200:                                                                                                                                                                    
gemini_full,micro1,721d346e__table_6,empty,RETRY,200 with an empty body,380.7,no usable output; last response 200:                                                                                                                                                                    
gemini_full,extractbench,long__real_sm0801_ae_full,empty,RETRY,200 with an empty body,364.3,no usable output; last response 200:                                                                                                                                                                    
gemini_full,longarray,cn_08_n1300,empty,RETRY,200 with an empty body,353.0,no usable output; last response 200:                                                                                                                                                                    
gemini_full,extractbench,medium__real_fidelity_northstar,empty,RETRY,200 with an empty body,341.1,no usable output; last response 200:                                                                                                                                                                    
gemini_full,longarray,wf_07_n1100_combined,empty,RETRY,200 with an empty body,301.9,no usable output; last response 200:                                                                                                                                                                    
gemini_full,longarray,cae_v2_07_n349,empty,RETRY,200 with an empty body,297.2,no usable output; last response 200:                                                                                                                                                                    
gemini_full,extractbench,long__real_credit_strategies_full,empty,RETRY,200 with an empty body,295.7,no usable output; last response 200:                                                                                                                                                                    
gemini_full,longarray,sa_07_n990,empty,RETRY,200 with an empty body,277.3,no usable output; last response 200:                                                                                                                                                                    
gemini_full,extractbench,medium__nport__dunham_funds,empty,RETRY,200 with an empty body,273.3,no usable output; last response 200:                                                                                                                                                                    
gemini_full,longarray,lp_06_n481,empty,RETRY,200 with an empty body,269.4,no usable output; last response 200:                                                                                                                                                                    
gemini_full,longarray,cn_07_yb_n970,empty,RETRY,200 with an empty body,263.3,no usable output; last response 200:                                                                                                                                                                    
gemini_full,longarray,cn_06_n950,empty,RETRY,200 with an empty body,256.5,no usable output; last response 200:                                                                                                                                                                    
gemini_full,longarray,wf_06_yb_n920_combined,empty,RETRY,200 with an empty body,253.9,no usable output; last response 200:                                                                                                                                                                    
gemini_full,micro1,6c9a8d3f__auslaendische-bevoelkerung-kreise-pdf,empty,RETRY,200 with an empty body,246.0,no usable output; last response 200:                                                                                                                                                                    
gemini_full,longarray,cn_05_n900,empty,RETRY,200 with an empty body,245.8,no usable output; last response 200:                                                                                                                                                                    
gemini_full,longarray,sa_06_n880,empty,RETRY,200 with an empty body,245.2,no usable output; last response 200:                                                                                                                                                                    
gemini_full,longarray,wf_05_n850_combined,empty,RETRY,200 with an empty body,235.1,no usable output; last response 200:                                                                                                                                                                    
gemini_full,longarray,sa_05_yb_n820,empty,RETRY,200 with an empty body,229.6,no usable output; last response 200:                                                                                                                                                                    
gemini_full,longarray,cae_v2_06_n267,empty,RETRY,200 with an empty body,226.7,no usable output; last response 200:                                                                                                                                                                    
gemini_full,micro1,c41ccbd2__tourism-satellite-account-2016,empty,RETRY,"gateway error envelope, not the vendor's own",217.3,"HTTP 400: {""error"":{""message"":""Provider returned error"",""code"":400,""metadata"":{""raw"":""{\n  \""error\"": {\n    \""code\"": 400,\n    \""message\"": \""Request contains an invalid argument.\"",\n    \""status\"""
gemini_full,longarray,cn_04_n800,empty,RETRY,200 with an empty body,217.3,no usable output; last response 200:                                                                                                                                                                    
gemini_full,longarray,wf_04_n750_combined,empty,RETRY,200 with an empty body,208.1,no usable output; last response 200:                                                                                                                                                                    
gemini_full,extractbench,long__real_sm0801_eco_full,empty,RETRY,200 with an empty body,205.3,no usable output; last response 200:                                                                                                                                                                    
gemini_full,extractbench,long__real_sm0801_eco_full_corrupted,empty,RETRY,200 with an empty body,205.3,no usable output; last response 200:                                                                                                                                                                    
gemini_full,micro1,f47be8a4__aaq-mntrpt-2005-vic-report-final,empty,RETRY,"gateway error envelope, not the vendor's own",200.1,"HTTP 400: {""error"":{""message"":""Provider returned error"",""code"":400,""metadata"":{""raw"":""{\n  \""error\"": {\n    \""code\"": 400,\n    \""message\"": \""Request contains an invalid argument.\"",\n    \""status\"""
gemini_full,extractbench,medium__real_wright_co_mn,empty,RETRY,200 with an empty body,196.0,no usable output; last response 200:                                                                                                                                                                    
gemini_full,longarray,sa_04_n700,empty,RETRY,200 with an empty body,195.6,no usable output; last response 200:                                                                                                                                                                    
gemini_full,micro1,m1__510_k__Substantial_Equivalence_Determination_Decision_Summary-20260617T05220,empty,RETRY,200 with an empty body,187.6,no usable output; last response 200:                                                                                                                                                                    
gemini_full,micro1,06_10_26_Budget_vs_actuals_report_cbd029d1_2024_09_SEP_Period_3_MFR_1,empty,RETRY,200 with an empty body,186.7,no usable output; last response 200:                                                                                                                                                                    
gemini_full,longarray,lp_05_n319,empty,RETRY,200 with an empty body,179.7,no usable output; last response 200:                                                                                                                                                                    
gemini_full,longarray,cn_03_n650,empty,RETRY,200 with an empty body,177.0,no usable output; last response 200:                                                                                                                                                                    
gemini_full,extractbench,medium__sched_i__akron_community_foundation_ty2024,empty,RETRY,200 with an empty body,170.3,no usable output; last response 200:                                                                                                                                                                    
gemini_full,extractbench,medium__nport__sei_etf_2025q4,empty,RETRY,200 with an empty body,169.7,no usable output; last response 200:                                                                                                                                                                    
gemini_full,extractbench,medium__13f__nalls_sherbakoff_2025q4,empty,RETRY,200 with an empty body,169.2,no usable output; last response 200:                                                                                                                                                                    
gemini_full,longarray,wf_03_n600_combined,empty,RETRY,200 with an empty body,165.5,no usable output; last response 200:                                                                                                                                                                    
gemini_full,micro1,m1__Calibration__Postsecondary_Graduation_-_college___UNI_stats,empty,RETRY,200 with an empty body,162.8,no usable output; last response 200:                                                                                                                                                                    
gemini_full,micro1,std__Annual_report_10-K_-_Exxon,empty,RETRY,200 with an empty body,160.0,no usable output; last response 200:                                                                                                                                                                    
gemini_full,longarray,sa_03_n540,empty,RETRY,200 with an empty body,151.2,no usable output; last response 200:                                                                                                                                                                    
gemini_full,extractbench,medium__real_cooke_co_tx_2024,empty,RETRY,200 with an empty body,147.2,no usable output; last response 200:                                                                                                                                                                    
gemini_full,extractbench,medium__real_penn_hills_pa_2023,empty,RETRY,200 with an empty body,142.1,no usable output; last response 200:                                                                                                                                                                    
gemini_full,micro1,Proxy_statement_DEF_14A,empty,RETRY,200 with an empty body,99.7,no usable output; last response 200:                                                                                                                                                                    
gemini_full,micro1,std__Municipal_continuing_disclosure_annual_financial_information_filing_-_2021,empty,RETRY,200 with an empty body,82.3,no usable output; last response 200:                                                                                                                                                                    
gemini_full,extractbench,medium__becerra-2022,empty,RETRY,"gateway error envelope, not the vendor's own",41.5,"HTTP 400: {""error"":{""message"":""Provider returned error"",""code"":400,""metadata"":{""raw"":""{\n  \""error\"": {\n    \""code\"": 400,\n    \""message\"": \""Request contains an invalid argument.\"",\n    \""status\"""
gemini_full,contextual,10kq__csco_10q_fy2025q2,empty,RETRY,200 with an empty body,39.8,no usable output; last response 200:                                                                                                                                                                    
gemini_full,contextual,10kq__nke_10q_fy2025q2,empty,RETRY,"gateway error envelope, not the vendor's own",39.2,"HTTP 400: {""error"":{""message"":""Provider returned error"",""code"":400,""metadata"":{""raw"":""{\n  \""error\"": {\n    \""code\"": 400,\n    \""message\"": \""Request contains an invalid argument.\"",\n    \""status\"""
gemini_full,contextual,10kq__wdc_10q_fy2025q2,empty,RETRY,"gateway error envelope, not the vendor's own",38.5,"HTTP 400: {""error"":{""message"":""Provider returned error"",""code"":400,""metadata"":{""raw"":""{\n  \""error\"": {\n    \""code\"": 400,\n    \""message\"": \""Request contains an invalid argument.\"",\n    \""status\"""
gemini_full,extractbench,medium__becerra-2021,empty,RETRY,"gateway error envelope, not the vendor's own",37.6,"HTTP 400: {""error"":{""message"":""Provider returned error"",""code"":400,""metadata"":{""raw"":""{\n  \""error\"": {\n    \""code\"": 400,\n    \""message\"": \""Request contains an invalid argument.\"",\n    \""status\"""
gemini_full,contextual,10kq__tho_10q_fy2025q2,empty,RETRY,"gateway error envelope, not the vendor's own",35.9,"HTTP 400: {""error"":{""message"":""Provider returned error"",""code"":400,""metadata"":{""raw"":""{\n  \""error\"": {\n    \""code\"": 400,\n    \""message\"": \""Request contains an invalid argument.\"",\n    \""status\"""
gemini_full,contextual,10kq__mck_10q_fy2025q2,empty,RETRY,"gateway error envelope, not the vendor's own",35.7,"HTTP 400: {""error"":{""message"":""Provider returned error"",""code"":400,""metadata"":{""raw"":""{\n  \""error\"": {\n    \""code\"": 400,\n    \""message\"": \""Request contains an invalid argument.\"",\n    \""status\"""
gemini_full,extractbench,medium__becerra-2023,empty,RETRY,"gateway error envelope, not the vendor's own",33.2,"HTTP 400: {""error"":{""message"":""Provider returned error"",""code"":400,""metadata"":{""raw"":""{\n  \""error\"": {\n    \""code\"": 400,\n    \""message\"": \""Request contains an invalid argument.\"",\n    \""status\"""
gemini_full,contextual,10kq__dell_10q_fy2025q2,empty,RETRY,200 with an empty body,32.5,no usable output; last response 200:                                                                                                                                                                    
gemini_full,contextual,10kq__adp_10q_fy2025q2,empty,RETRY,"gateway error envelope, not the vendor's own",32.5,"HTTP 400: {""error"":{""message"":""Provider returned error"",""code"":400,""metadata"":{""raw"":""{\n  \""error\"": {\n    \""code\"": 400,\n    \""message\"": \""Request contains an invalid argument.\"",\n    \""status\"""
gemini_full,extractbench,medium__becerra-2024,empty,RETRY,200 with an empty body,29.4,no usable output; last response 200:                                                                                                                                                                    
gemini_full,extractbench,medium__cabrera-2022,empty,RETRY,"gateway error envelope, not the vendor's own",28.0,"HTTP 400: {""error"":{""message"":""Provider returned error"",""code"":400,""metadata"":{""raw"":""{\n  \""error\"": {\n    \""code\"": 400,\n    \""message\"": \""Request contains an invalid argument.\"",\n    \""status\"""
gemini_full,extractbench,medium__cabrera-2021,empty,RETRY,"gateway error envelope, not the vendor's own",27.4,"HTTP 400: {""error"":{""message"":""Provider returned error"",""code"":400,""metadata"":{""raw"":""{\n  \""error\"": {\n    \""code\"": 400,\n    \""message\"": \""Request contains an invalid argument.\"",\n    \""status\"""
gemini_full,extractbench,medium__bar-lev-2021,empty,RETRY,"gateway error envelope, not the vendor's own",23.7,"HTTP 400: {""error"":{""message"":""Provider returned error"",""code"":400,""metadata"":{""raw"":""{\n  \""error\"": {\n    \""code\"": 400,\n    \""message\"": \""Request contains an invalid argument.\"",\n    \""status\"""
gemini_full,extractbench,medium__cabrera-2023,empty,RETRY,"gateway error envelope, not the vendor's own",22.6,"HTTP 400: {""error"":{""message"":""Provider returned error"",""code"":400,""metadata"":{""raw"":""{\n  \""error\"": {\n    \""code\"": 400,\n    \""message\"": \""Request contains an invalid argument.\"",\n    \""status\"""
gemini_full,extractbench,medium__bar-lev-2022,empty,RETRY,"gateway error envelope, not the vendor's own",22.6,"HTTP 400: {""error"":{""message"":""Provider returned error"",""code"":400,""metadata"":{""raw"":""{\n  \""error\"": {\n    \""code\"": 400,\n    \""message\"": \""Request contains an invalid argument.\"",\n    \""status\"""
gemini_full,extractbench,medium__bar-lev-2023,empty,RETRY,"gateway error envelope, not the vendor's own",22.5,"HTTP 400: {""error"":{""message"":""Provider returned error"",""code"":400,""metadata"":{""raw"":""{\n  \""error\"": {\n    \""code\"": 400,\n    \""message\"": \""Request contains an invalid argument.\"",\n    \""status\"""
gemini_full,extractbench,medium__bar-lev-2024,empty,RETRY,"gateway error envelope, not the vendor's own",22.4,"HTTP 400: {""error"":{""message"":""Provider returned error"",""code"":400,""metadata"":{""raw"":""{\n  \""error\"": {\n    \""code\"": 400,\n    \""message\"": \""Request contains an invalid argument.\"",\n    \""status\"""
gemini_full,extractbench,short__bianco-2024,empty,RETRY,"gateway error envelope, not the vendor's own",18.5,"HTTP 400: {""error"":{""message"":""Provider returned error"",""code"":400,""metadata"":{""raw"":""{\n  \""error\"": {\n    \""code\"": 400,\n    \""message\"": \""Request contains an invalid argument.\"",\n    \""status\"""
gemini_full,extractbench,medium__bianco-2022,empty,RETRY,"gateway error envelope, not the vendor's own",13.2,"HTTP 400: {""error"":{""message"":""Provider returned error"",""code"":400,""metadata"":{""raw"":""{\n  \""error\"": {\n    \""code\"": 400,\n    \""message\"": \""Request contains an invalid argument.\"",\n    \""status\"""
gemini_full,extractbench,short__arif-2022,empty,RETRY,"gateway error envelope, not the vendor's own",13.0,"HTTP 400: {""error"":{""message"":""Provider returned error"",""code"":400,""metadata"":{""raw"":""{\n  \""error\"": {\n    \""code\"": 400,\n    \""message\"": \""Request contains an invalid argument.\"",\n    \""status\"""
gemini_full,extractbench,short__arif-2024,empty,RETRY,"gateway error envelope, not the vendor's own",12.6,"HTTP 400: {""error"":{""message"":""Provider returned error"",""code"":400,""metadata"":{""raw"":""{\n  \""error\"": {\n    \""code\"": 400,\n    \""message\"": \""Request contains an invalid argument.\"",\n    \""status\"""
gemini_full,extractbench,short__arif-2021,empty,RETRY,"gateway error envelope, not the vendor's own",11.7,"HTTP 400: {""error"":{""message"":""Provider returned error"",""code"":400,""metadata"":{""raw"":""{\n  \""error\"": {\n    \""code\"": 400,\n    \""message\"": \""Request contains an invalid argument.\"",\n    \""status\"""
gemini_full,extractbench,medium__bianco-2021,empty,RETRY,"gateway error envelope, not the vendor's own",9.9,"HTTP 400: {""error"":{""message"":""Provider returned error"",""code"":400,""metadata"":{""raw"":""{\n  \""error\"": {\n    \""code\"": 400,\n    \""message\"": \""Request contains an invalid argument.\"",\n    \""status\"""
gemini_full,extractbench,short__W14-58509_W14 2nd sub revised,empty,RETRY,"gateway error envelope, not the vendor's own",7.5,"HTTP 400: {""error"":{""message"":""Provider returned error"",""code"":400,""metadata"":{""raw"":""{\n  \""error\"": {\n    \""code\"": 400,\n    \""message\"": \""Request contains an invalid argument.\"",\n    \""status\"""
gemini_full,extractbench,short__W14-57728_W14_REVISED,empty,RETRY,"gateway error envelope, not the vendor's own",7.5,"HTTP 400: {""error"":{""message"":""Provider returned error"",""code"":400,""metadata"":{""raw"":""{\n  \""error\"": {\n    \""code\"": 400,\n    \""message\"": \""Request contains an invalid argument.\"",\n    \""status\"""
gemini_full,extractbench,short__W14-58549_W14,empty,RETRY,"gateway error envelope, not the vendor's own",7.3,"HTTP 400: {""error"":{""message"":""Provider returned error"",""code"":400,""metadata"":{""raw"":""{\n  \""error\"": {\n    \""code\"": 400,\n    \""message\"": \""Request contains an invalid argument.\"",\n    \""status\"""
gemini_full,extractbench,short__W14-2nd Sub 55975 Revised W14 ADMIN REVIEWED,empty,RETRY,"gateway error envelope, not the vendor's own",6.6,"HTTP 400: {""error"":{""message"":""Provider returned error"",""code"":400,""metadata"":{""raw"":""{\n  \""error\"": {\n    \""code\"": 400,\n    \""message\"": \""Request contains an invalid argument.\"",\n    \""status\"""
gemini_full,extractbench,short__W14-2nd Sub 53269 Revised W14,empty,RETRY,"gateway error envelope, not the vendor's own",6.5,"HTTP 400: {""error"":{""message"":""Provider returned error"",""code"":400,""metadata"":{""raw"":""{\n  \""error\"": {\n    \""code\"": 400,\n    \""message\"": \""Request contains an invalid argument.\"",\n    \""status\"""
gemini_full,extractbench,short__W14-54500_W14 admin reviewed,empty,RETRY,"gateway error envelope, not the vendor's own",6.5,"HTTP 400: {""error"":{""message"":""Provider returned error"",""code"":400,""metadata"":{""raw"":""{\n  \""error\"": {\n    \""code\"": 400,\n    \""message\"": \""Request contains an invalid argument.\"",\n    \""status\"""
gemini_full,extractbench,short__W14-55711_W14 ADMIN REVIEWED,empty,RETRY,"gateway error envelope, not the vendor's own",6.4,"HTTP 400: {""error"":{""message"":""Provider returned error"",""code"":400,""metadata"":{""raw"":""{\n  \""error\"": {\n    \""code\"": 400,\n    \""message\"": \""Request contains an invalid argument.\"",\n    \""status\"""
gemini_full,extractbench,short__W14-57077_W14,empty,RETRY,200 with an empty body,6.4,no usable output; last response 200:                                                                                                                                                                    
gemini_full,extractbench,short__W14-58025_W14 Admin Reviewed,empty,RETRY,"gateway error envelope, not the vendor's own",6.3,"HTTP 400: {""error"":{""message"":""Provider returned error"",""code"":400,""metadata"":{""raw"":""{\n  \""error\"": {\n    \""code\"": 400,\n    \""message\"": \""Request contains an invalid argument.\"",\n    \""status\"""
gemini_full,extractbench,short__W14-53632_W14 ADMIN REVIEWED,empty,RETRY,"gateway error envelope, not the vendor's own",6.3,"HTTP 400: {""error"":{""message"":""Provider returned error"",""code"":400,""metadata"":{""raw"":""{\n  \""error\"": {\n    \""code\"": 400,\n    \""message\"": \""Request contains an invalid argument.\"",\n    \""status\"""
gemini_full,extractbench,short__W14-Atascosa SWD Well No. 4 - W-14 (Updated 01.22.2025),empty,RETRY,"gateway error envelope, not the vendor's own",6.3,"HTTP 400: {""error"":{""message"":""Provider returned error"",""code"":400,""metadata"":{""raw"":""{\n  \""error\"": {\n    \""code\"": 400,\n    \""message\"": \""Request contains an invalid argument.\"",\n    \""status\"""
gemini_full,extractbench,short__W14-52342_W14,empty,RETRY,"gateway error envelope, not the vendor's own",6.2,"HTTP 400: {""error"":{""message"":""Provider returned error"",""code"":400,""metadata"":{""raw"":""{\n  \""error\"": {\n    \""code\"": 400,\n    \""message\"": \""Request contains an invalid argument.\"",\n    \""status\"""
gemini_full,extractbench,short__W2-27-216874_212740,empty,RETRY,"gateway error envelope, not the vendor's own",6.2,"HTTP 400: {""error"":{""message"":""Provider returned error"",""code"":400,""metadata"":{""raw"":""{\n  \""error\"": {\n    \""code\"": 400,\n    \""message\"": \""Request contains an invalid argument.\"",\n    \""status\"""
gemini_full,extractbench,short__W14-55311_W14 reviewed,empty,RETRY,"gateway error envelope, not the vendor's own",6.2,"HTTP 400: {""error"":{""message"":""Provider returned error"",""code"":400,""metadata"":{""raw"":""{\n  \""error\"": {\n    \""code\"": 400,\n    \""message\"": \""Request contains an invalid argument.\"",\n    \""status\"""
gemini_full,extractbench,short__W2-27-217184_213122,empty,RETRY,"gateway error envelope, not the vendor's own",6.0,"HTTP 400: {""error"":{""message"":""Provider returned error"",""code"":400,""metadata"":{""raw"":""{\n  \""error\"": {\n    \""code\"": 400,\n    \""message\"": \""Request contains an invalid argument.\"",\n    \""status\"""
gemini_full,extractbench,short__W2-27-217314_213200,empty,RETRY,"gateway error envelope, not the vendor's own",5.6,"HTTP 400: {""error"":{""message"":""Provider returned error"",""code"":400,""metadata"":{""raw"":""{\n  \""error\"": {\n    \""code\"": 400,\n    \""message\"": \""Request contains an invalid argument.\"",\n    \""status\"""
gemini_full,extractbench,short__W2-27-217884_213729,empty,RETRY,"gateway error envelope, not the vendor's own",5.3,"HTTP 400: {""error"":{""message"":""Provider returned error"",""code"":400,""metadata"":{""raw"":""{\n  \""error\"": {\n    \""code\"": 400,\n    \""message\"": \""Request contains an invalid argument.\"",\n    \""status\"""
gpt_full,micro1,hard__Municipal_continuing_disclosure_annual_financial_information_filing_-_efis,empty,RETRY,200 with an empty body,12840.5,no usable output; last response 200:                                                                                                                                                                    
gpt_full,micro1,06_19_Government_zoning_and_land_use_geospatial_datasets,empty,RETRY,200 with an empty body,8870.4,no usable output; last response 200:                                                                                                                                                                    
gpt_full,micro1,m1__Healthcare_facility_quality_measure_public_reporting,empty,RETRY,200 with an empty body,3402.1,no usable output; last response 200:                                                                                                                                                                    
gpt_full,extractbench,long__real_ftx_full_corrupted,empty,RETRY,200 with an empty body,1883.3,no usable output; last response 200:                                                                                                                                                                    
gpt_full,micro1,std__Municipal_continuing_disclosure_annual_financial_information_filing_-_2021,empty,RETRY,200 with an empty body,82.3,no usable output; last response 200:                                                                                                                                                                    
gpt_full,internal,2026-05-13T02-14-01__unit_agreement_146p__s5,absent,RETRY,no file in R2 at all,4.3,
llamaextract_full,longarray,cae_v2_10_n742,empty,RETRY,vendor-side internal error,623.1,RuntimeError: LlamaExtract FAILED: An internal service error occurred during processing
llamaextract_full,extractbench,short__W14-2nd Sub 55975 Revised W14 ADMIN REVIEWED,empty,RETRY,vendor-side internal error,6.6,RuntimeError: LlamaExtract FAILED: extraction_failed: visual_windowed(gemini): tool fallback did not call emit_extraction
llamaextract_full,extractbench,short__W14-55311_W14 reviewed,empty,RETRY,vendor-side internal error,6.2,RuntimeError: LlamaExtract FAILED: extraction_failed: visual_windowed(gemini): tool fallback did not call emit_extraction
llamaextract_full,extractbench,short__passcoag-2020-w2-p0004-r3,empty,RETRY,vendor-side internal error,1.3,RuntimeError: LlamaExtract FAILED: An internal service error occurred during processing
mistral_full,micro1,std__Regulatory_inspection_enforcement_activity_statistical_reports_-_catalog.da,empty,RETRY,unclassified,2292.0,[Errno 54] Connection reset by peer
mistral_full,micro1,American_Community_Survey__ACS__5-year_estimates,empty,RETRY,5xx backend error,2148.9,"HTTP 504: {""object"":""error"",""message"":""Service unavailable."",""type"":""internal_server_error"",""param"":null,""code"":""3710"",""raw_status_code"":504}"
mistral_full,micro1,64ce2c27__enrolment_by_school_2223_final_en_supp - Enrolment by School 2022-2023,empty,RETRY,5xx backend error,1255.1,"HTTP 503: {""object"":""error"",""message"":""Internal server error"",""type"":""unreachable_backend"",""param"":null,""code"":""1100"",""raw_status_code"":503}"
mistral_full,extractbench,long__sec_13f_0010_renaissance_technologies,empty,RETRY,unclassified,1104.1,Expecting value: line 1 column 70669 (char 70668)
mistral_full,micro1,std__Board_examination_score_report_-_GCSE-Full-Course-results-summer-2024-2-202,empty,RETRY,5xx backend error,767.1,"HTTP 503: {""object"":""error"",""message"":""Internal server error"",""type"":""unreachable_backend"",""param"":null,""code"":""1100"",""raw_status_code"":503}"
mistral_full,micro1,Government_RFP-2,empty,RETRY,5xx backend error,715.5,"HTTP 503: {""object"":""error"",""message"":""Internal server error"",""type"":""unreachable_backend"",""param"":null,""code"":""1100"",""raw_status_code"":503}"
mistral_full,micro1,06_10_26_CMS_E_M_Utilization_Report_27e43c5f_cy_2017_evaluation_and_ma,empty,RETRY,5xx backend error,668.2,"HTTP 503: {""object"":""error"",""message"":""Internal server error"",""type"":""unreachable_backend"",""param"":null,""code"":""1100"",""raw_status_code"":503}"
mistral_full,longarray,cae_v2_10_n742,empty,RETRY,5xx backend error,623.1,"HTTP 503: {""object"":""error"",""message"":""Internal server error"",""type"":""unreachable_backend"",""param"":null,""code"":""1100"",""raw_status_code"":503}"
mistral_full,micro1,06_19_Bankruptcy_Filings_Statistics,empty,RETRY,5xx backend error,539.7,"HTTP 504: {""object"":""error"",""message"":""Service unavailable."",""type"":""internal_server_error"",""param"":null,""code"":""3710"",""raw_status_code"":504}"
mistral_full,longarray,cae_v2_09_n581,empty,RETRY,5xx backend error,499.1,"HTTP 503: {""object"":""error"",""message"":""Internal server error"",""type"":""unreachable_backend"",""param"":null,""code"":""1100"",""raw_status_code"":503}"
mistral_full,extractbench,medium__13f__leonteq_securities_2025q4,empty,RETRY,5xx backend error,476.8,"HTTP 503: {""object"":""error"",""message"":""Internal server error"",""type"":""unreachable_backend"",""param"":null,""code"":""1100"",""raw_status_code"":503}"
mistral_full,extractbench,medium__sec_13f_0031_loomis_sayles,empty,RETRY,5xx backend error,423.4,"HTTP 503: {""object"":""error"",""message"":""Internal server error"",""type"":""unreachable_backend"",""param"":null,""code"":""1100"",""raw_status_code"":503}"
mistral_full,micro1,721d346e__table_6,empty,RETRY,5xx backend error,380.7,"HTTP 504: {""object"":""error"",""message"":""Service unavailable."",""type"":""internal_server_error"",""param"":null,""code"":""3710"",""raw_status_code"":504}"
mistral_full,extractbench,long__real_sm0801_ae_full,empty,RETRY,5xx backend error,364.3,"HTTP 504: {""object"":""error"",""message"":""Service unavailable."",""type"":""internal_server_error"",""param"":null,""code"":""3710"",""raw_status_code"":504}"
mistral_full,extractbench,medium__real_fidelity_northstar,empty,RETRY,unclassified,341.1,Expecting ':' delimiter: line 101 column 1 (char 101757)
mistral_full,longarray,wf_07_n1100_combined,empty,RETRY,unclassified,301.9,"Expecting ',' delimiter: line 201 column 1 (char 66737)"
mistral_full,extractbench,medium__nport__dunham_funds,empty,RETRY,5xx backend error,273.3,"HTTP 500: {""object"":""error"",""message"":""Service unavailable."",""type"":""internal_server_error"",""param"":null,""code"":""1000"",""raw_status_code"":500}"
mistral_full,longarray,cn_05_n900,empty,RETRY,5xx backend error,245.8,"HTTP 503: {""object"":""error"",""message"":""Internal server error"",""type"":""unreachable_backend"",""param"":null,""code"":""1100"",""raw_status_code"":503}"
mistral_full,longarray,wf_05_n850_combined,empty,RETRY,5xx backend error,235.1,"HTTP 503: {""object"":""error"",""message"":""Internal server error"",""type"":""unreachable_backend"",""param"":null,""code"":""1100"",""raw_status_code"":503}"
mistral_full,extractbench,long__real_sm0801_eco_full,empty,RETRY,5xx backend error,205.3,"HTTP 503: {""object"":""error"",""message"":""Internal server error"",""type"":""unreachable_backend"",""param"":null,""code"":""1100"",""raw_status_code"":503}"
mistral_full,extractbench,long__real_sm0801_eco_full_corrupted,empty,RETRY,5xx backend error,205.3,"HTTP 503: {""object"":""error"",""message"":""Internal server error"",""type"":""unreachable_backend"",""param"":null,""code"":""1100"",""raw_status_code"":503}"
mistral_full,micro1,m1__Language_speakers_and_linguistic_proficiency_census_tables,empty,RETRY,unclassified,196.7,"Expecting ',' delimiter: line 1 column 110609 (char 110608)"
mistral_full,extractbench,medium__nport__sei_etf_2025q4,empty,RETRY,5xx backend error,169.7,"HTTP 503: {""object"":""error"",""message"":""Internal server error"",""type"":""unreachable_backend"",""param"":null,""code"":""1100"",""raw_status_code"":503}"
mistral_full,micro1,m1__Calibration__Postsecondary_Graduation_-_college___UNI_stats,empty,RETRY,5xx backend error,162.8,"HTTP 503: {""object"":""error"",""message"":""Internal server error"",""type"":""unreachable_backend"",""param"":null,""code"":""1100"",""raw_status_code"":503}"
